[
  { "code": "AAW", "name": "Abbottabad" },
  { "code": "ADP", "name": "Ahmadpur" },
  { "code": "ARF", "name": "Arifwala" },
  { "code": "ATG", "name": "Attock" },
  { "code": "ATY", "name": "Attock City" },
  { "code": "BDN", "name": "Badin" },
  { "code": "BAG", "name": "Bagh/AJK" },
  { "code": "WGB", "name": "Bahawalnagar" },
  { "code": "BHV", "name": "Bahawalpur" },
  { "code": "BNP", "name": "Bannu" },
  { "code": "BPR", "name": "Bhai Pheru" },
  { "code": "BKR", "name": "Bhakkar" },
  { "code": "BWL", "name": "Bhalwal" },
  { "code": "BHM", "name": "Bhimber" },
  { "code": "BHC", "name": "Bhurban" },
  { "code": "BRW", "name": "Burewala" },
  { "code": "CWP", "name": "Campbellpore" },
  { "code": "CKW", "name": "Chakwal" },
  { "code": "CMN", "name": "Chaman" },
  { "code": "CGM", "name": "Changa Manga" },
  { "code": "CSD", "name": "Charsadda" },
  { "code": "CCE", "name": "Chichawatni" },
  { "code": "CCM", "name": "Chichoki Mallian" },
  { "code": "CHB", "name": "Chilas" },
  { "code": "CSI", "name": "Chishtian" },
  { "code": "CJL", "name": "Chitral" },
  { "code": "DDU", "name": "Dadu" },
  { "code": "DRK", "name": "Daharki" },
  { "code": "DBA", "name": "Dalbandin" },
  { "code": "DKA", "name": "Daska" },
  { "code": "DEA", "name": "Dera Ghazi Khan" },
  { "code": "DSK", "name": "Dera Ismail Khan" },
  { "code": "DIR", "name": "Dir" },
  { "code": "LYP", "name": "Faisalabad" },
  { "code": "FZB", "name": "Faizabad" },
  { "code": "GAD", "name": "Gadoon" },
  { "code": "GHB", "name": "Garhi Habibullah Khan" },
  { "code": "GHK", "name": "Ghakhar" },
  { "code": "GHT", "name": "Ghotki" },
  { "code": "GIL", "name": "Gilgit" },
  { "code": "GKN", "name": "Gujar Khan" },
  { "code": "GRW", "name": "Gujranwala" },
  { "code": "GRT", "name": "Gujrat" },
  { "code": "GWD", "name": "Gwadar" },
  { "code": "HFD", "name": "Hafizabad" },
  { "code": "HPR", "name": "Haripur" },
  { "code": "HRU", "name": "Haripur Hazara" },
  { "code": "HAS", "name": "Hasilpur" },
  { "code": "HSN", "name": "Hassanabdal" },
  { "code": "HVN", "name": "Havelian" },
  { "code": "HAY", "name": "Hayatabad" },
  { "code": "HUB", "name": "Hub" },
  { "code": "HDD", "name": "Hyderabad" },
  { "code": "ISB", "name": "Islamabad" },
  { "code": "JAG", "name": "Jacobabad" },
  { "code": "JLP", "name": "Jalalpur" },
  { "code": "JAM", "name": "Jam Shoro" },
  { "code": "JRD", "name": "Jamrud" },
  { "code": "JNW", "name": "Jaranwala" },
  { "code": "JLM", "name": "Jhal Magsi" },
  { "code": "JNG", "name": "Jhang" },
  { "code": "JHC", "name": "Jhang City" },
  { "code": "JMR", "name": "Jhelum" },
  { "code": "JIW", "name": "Jiwani" },
  { "code": "JGS", "name": "Jungshahi" },
  { "code": "KBW", "name": "Kabirwala" },
  { "code": "KCF", "name": "Kadanwari" },
  { "code": "KBH", "name": "Kalat" },
  { "code": "KML", "name": "Kamalia" },
  { "code": "KMB", "name": "Kambar" },
  { "code": "KHI", "name": "Karachi" },
  { "code": "KYC", "name": "Karachi City" },
  { "code": "KCT", "name": "Karachi Container Terminal" },
  { "code": "PZK", "name": "Karachi Freight Terminal" },
  { "code": "KZL", "name": "Kashmor" },
  { "code": "KUS", "name": "Kasur" },
  { "code": "KBA", "name": "Keti Bandar" },
  { "code": "KBU", "name": "Keti Bunder" },
  { "code": "KHP", "name": "Khairpur" },
  { "code": "KWL", "name": "Khanewal" },
  { "code": "KPR", "name": "Khanpur" },
  { "code": "QKH", "name": "Kharian" },
  { "code": "KWA", "name": "Khewra" },
  { "code": "KPO", "name": "Khipro" },
  { "code": "KRB", "name": "Khokhropar" },
  { "code": "KHB", "name": "Khushab" },
  { "code": "KDD", "name": "Khuzdar" },
  { "code": "KHW", "name": "Khwazakhela" },
  { "code": "KIA", "name": "Kiamari" },
  { "code": "OHT", "name": "Kohat" },
  { "code": "KHC", "name": "Kohat Cantt" },
  { "code": "KLU", "name": "Kohlu" },
  { "code": "ADK", "name": "Kot Addu" },
  { "code": "LPK", "name": "Kot Lakhpat" },
  { "code": "KOL", "name": "Kotli/AJK" },
  { "code": "KOT", "name": "Kotri" },
  { "code": "LHE", "name": "Lahore" },
  { "code": "LRC", "name": "Lahore Cantt" },
  { "code": "LKM", "name": "Lakki Marwat" },
  { "code": "LLM", "name": "Lala Mosa" },
  { "code": "LND", "name": "Landhi" },
  { "code": "LRK", "name": "Larkana" },
  { "code": "LSB", "name": "Lasbela" },
  { "code": "LON", "name": "Lodhran" },
  { "code": "LRG", "name": "Lora Lai" },
  { "code": "MKD", "name": "Malakand" },
  { "code": "MBD", "name": "Mandi Bahauddin" },
  { "code": "MBW", "name": "Mandi Burewala" },
  { "code": "MAN", "name": "Mangla" },
  { "code": "HRA", "name": "Mansehra" },
  { "code": "MDX", "name": "Mardan" },
  { "code": "MLI", "name": "Matli" },
  { "code": "MHR", "name": "Mehrabpur" },
  { "code": "MYH", "name": "Mian Channu" },
  { "code": "MWD", "name": "Mianwali" },
  { "code": "MNG", "name": "Mingaora" },
  { "code": "MPD", "name": "Mirpur Khas (= Sindhri)" },
  { "code": "MRP", "name": "Mirpur Mathelo" },
  { "code": "MPR", "name": "Mirpur/AJK" },
  { "code": "MGP", "name": "Mogulpura/Lahore" },
  { "code": "MJD", "name": "Mohenjodaro" },
  { "code": "MOR", "name": "Moro" },
  { "code": "BQM", "name": "Muhammad Bin Qasim/Karachi" },
  { "code": "MUX", "name": "Multan" },
  { "code": "MUL", "name": "Multan Cantt" },
  { "code": "MXC", "name": "Multan City" },
  { "code": "MDK", "name": "Muridke" },
  { "code": "MFG", "name": "Muzaffarabad" },
  { "code": "MZJ", "name": "Muzaffargarh" },
  { "code": "NNS", "name": "Nankana Sahib" },
  { "code": "NRW", "name": "Narowal" },
  { "code": "WNS", "name": "Nawabshah" },
  { "code": "NZB", "name": "Nazimabad" },
  { "code": "NDD", "name": "Nok Kundi" },
  { "code": "NSR", "name": "Nowshera" },
  { "code": "NHS", "name": "Nushki" },
  { "code": "OKR", "name": "Okara" },
  { "code": "OKC", "name": "Okara Cantt" },
  { "code": "ORW", "name": "Ormara" },
  { "code": "PBI", "name": "Pabbi" },
  {
    "code": "PCT",
    "name": "Pakistan International Container Terminal/Karachi"
  },
  { "code": "PJG", "name": "Panjgur" },
  { "code": "PNL", "name": "Pano Aqil" },
  { "code": "PAJ", "name": "Para Chinar" },
  { "code": "PSI", "name": "Pasni" },
  { "code": "PTO", "name": "Pattoki" },
  { "code": "PEW", "name": "Peshawar" },
  { "code": "PSC", "name": "Peshawar Cantt" },
  { "code": "PSH", "name": "Peshawar City" },
  { "code": "PON", "name": "Poonch/AJK" },
  { "code": "QCT", "name": "Qasim International Container Terminal/Karachi" },
  { "code": "QSM", "name": "Qasimabad" },
  { "code": "QSP", "name": "Qila Sheikhupura" },
  { "code": "UET", "name": "Quetta" },
  { "code": "RYK", "name": "Rahim Yar Khan" },
  { "code": "RND", "name": "Raiwind" },
  { "code": "RJP", "name": "Rajanpur" },
  { "code": "RAZ", "name": "Rawala Kot" },
  { "code": "RWP", "name": "Rawalpindi" },
  { "code": "REQ", "name": "Reko Diq" },
  { "code": "RCS", "name": "Risalpur Cantt" },
  { "code": "ROH", "name": "Rohri" },
  { "code": "SDK", "name": "Sadikabad" },
  { "code": "SWN", "name": "Sahiwal" },
  { "code": "SDT", "name": "Saidu Sharif" },
  { "code": "SMA", "name": "Samasata" },
  { "code": "SMB", "name": "Sambrial" },
  { "code": "SMD", "name": "Sammundri" },
  { "code": "SNG", "name": "Sanghar" },
  { "code": "SLL", "name": "Sangla Hill" },
  { "code": "SGI", "name": "Sargodha" },
  { "code": "ZEO", "name": "Savi Ragha" },
  { "code": "SAW", "name": "Sawan" },
  { "code": "SYW", "name": "Sehwen Sharif" },
  { "code": "SXG", "name": "Serai Alamgir" },
  { "code": "SQR", "name": "Shabqadar" },
  { "code": "SHK", "name": "Shahdadkot" },
  { "code": "SDU", "name": "Shahdadpur" },
  { "code": "SDR", "name": "Shahdara Bagh" },
  { "code": "SHI", "name": "Shamsi Airfield" },
  { "code": "SKP", "name": "Sheikhupura" },
  { "code": "SWV", "name": "Shikarpur" },
  { "code": "SRK", "name": "Shorkot" },
  { "code": "SKO", "name": "Shorkot Cantt" },
  { "code": "SKT", "name": "Sialkot" },
  { "code": "SBQ", "name": "Sibi" },
  { "code": "KDU", "name": "Skardu" },
  { "code": "SUL", "name": "Sui" },
  { "code": "SKZ", "name": "Sukkur" },
  { "code": "SWB", "name": "Swabi" },
  { "code": "SWT", "name": "Swat" },
  { "code": "TFT", "name": "Taftan" },
  { "code": "TLG", "name": "Talagang" },
  { "code": "TNA", "name": "Tando Adam" },
  { "code": "TDA", "name": "Tando Allahyar" },
  { "code": "TLB", "name": "Tarbela" },
  { "code": "TXA", "name": "Taxilla" },
  { "code": "THT", "name": "Thatta" },
  { "code": "TMG", "name": "Timargara" },
  { "code": "TTS", "name": "Toba Tek Singh" },
  { "code": "TOR", "name": "Torkham" },
  { "code": "TUK", "name": "Turbat" },
  { "code": "VHR", "name": "Vehari" },
  { "code": "WGH", "name": "Wagah" },
  { "code": "WAH", "name": "Wah" },
  { "code": "WAF", "name": "Wana" },
  { "code": "WSK", "name": "Warsak" },
  { "code": "WZA", "name": "Wazirabad" },
  { "code": "PZH", "name": "Zhob" },
  { "code": "ZRT", "name": "Ziarat" }
]
